Region,Year,Sanitation_Level,Water_Access_Percentage
Dodoma,2020,65,70
Arusha,2020,70,74
Kilimanjaro,2020,75,76
Tanga,2020,78,78
Mwanza,2020,80,80
Mara,2020,60,68
Mbeya,2020,62,70
Morogoro,2020,68,73
Singida,2020,72,75
Tabora,2020,75,77
Dodoma,2021,55,60
Arusha,2021,58,63
Kilimanjaro,2021,63,67
Tanga,2021,66,70
Mwanza,2021,70,72
Mara,2021,50,55
Mbeya,2021,53,58
Morogoro,2021,57,61
Singida,2021,60,65
Tabora,2021,63,68
Dodoma,2022,58,66
Arusha,2022,62,69
Kilimanjaro,2022,67,71
Tanga,2022,71,74
Mwanza,2022,74,76
Mara,2022,60,64
Mbeya,2022,65,67
Morogoro,2022,68,70
Singida,2022,72,72
Tabora,2022,76,75
Dodoma,2023,62,63
Arusha,2023,66,66
Kilimanjaro,2023,69,69
Tanga,2023,73,71
Mwanza,2023,77,74
Mara,2023,64,65
Mbeya,2023,68,68
Morogoro,2023,72,71
Singida,2023,75,74
Tabora,2023,79,76
Dodoma,2024,59,62
Arusha,2024,63,65
Kilimanjaro,2024,66,68
Tanga,2024,70,71
Mwanza,2024,73,73
Mara,2024,61,60
Mbeya,2024,65,63
Morogoro,2024,69,66
Singida,2024,72,70
Tabora,2024,76,72
