Region,Typhoid,Cholera
Arusha,1,0
Arusha,0,1
Arusha,1,1
Arusha,0,0
Arusha,1,0
Dar es Salaam,1,1
Dar es Salaam,0,1
Dar es Salaam,1,0
Dar es Salaam,1,1
Dar es Salaam,0,0
Dodoma,0,0
Dodoma,1,0
Dodoma,0,1
Dodoma,0,0
Dodoma,1,0
Geita,0,1
Geita,0,0
Geita,1,0
Geita,0,0
Geita,1,1
Iringa,0,0
Iringa,1,0
Iringa,0,1
Iringa,0,0
Iringa,1,0
Kagera,0,0
Kagera,1,1
Kagera,0,0
Kagera,1,0
Kagera,0,1
Mara,0,0
Mara,1,0
Mara,0,1
Mara,1,0
Mara,0,0
Mbeya,1,0
Mbeya,0,1
Mbeya,0,0
Mbeya,1,1
Mbeya,0,0
Morogoro,0,0
Morogoro,1,0
Morogoro,0,1
Morogoro,1,0
Morogoro,0,0
Mtwara,0,0
Mtwara,1,0
Mtwara,0,0
Mtwara,0,1
Mtwara,1,0
Mwanza,1,1
Mwanza,0,1
Mwanza,1,0
Mwanza,1,0
Mwanza,0,1
Njombe,0,0
Njombe,0,0
Njombe,1,0
Njombe,0,0
Njombe,0,1
Pwani,1,0
Pwani,0,1
Pwani,0,0
Pwani,1,0
Pwani,0,0
Rukwa,0,0
Rukwa,0,0
Rukwa,1,0
Rukwa,0,0
Rukwa,0,1
Ruvuma,0,0
Ruvuma,1,0
Ruvuma,0,0
Ruvuma,0,1
Ruvuma,1,0
Shinyanga,0,1
Shinyanga,0,0
Shinyanga,1,0
Shinyanga,0,0
Shinyanga,1,1
Simuyu,0,0
Simuyu,0,0
Simuyu,0,1
Simuyu,0,0
Simuyu,1,0
Singida,0,0
Singida,1,0
Singida,0,1
Singida,0,0
Singida,1,0
Songwe,0,0
Songwe,1,0
Songwe,0,0
Songwe,0,1
Songwe,1,0
Tabora,0,1
Tabora,0,0
Tabora,1,0
Tabora,0,0
Tabora,1,1
Tanga,1,0
Tanga,0,1
Tanga,1,1
Tanga,0,0
Tanga,1,0