Region,Year,Cholera_Cases,Typhoid_Cases,Latitude,Longitude
Mwanza,2020,861,401,-2.5164,32.9175
Mwanza,2021,107,994,-2.5164,32.9175
Mwanza,2022,506,793,-2.5164,32.9175
Mwanza,2023,238,608,-2.5164,32.9175
Mwanza,2024,512,1100,-2.5164,32.9175
Dodoma,2020,580,894,-6.163,35.7516
Dodoma,2021,160,384,-6.163,35.7516
Dodoma,2022,462,435,-6.163,35.7516
Dodoma,2023,149,551,-6.163,35.7516
Dodoma,2024,178,251,-6.163,35.7516
Dar es Salaam,2020,560,634,-6.7924,39.2083
Dar es Salaam,2021,268,1177,-6.7924,39.2083
Dar es Salaam,2022,891,153,-6.7924,39.2083
Dar es Salaam,2023,950,784,-6.7924,39.2083
Dar es Salaam,2024,282,296,-6.7924,39.2083
Shinyanga,2020,813,675,-3.6619,33.4231
Shinyanga,2021,783,315,-3.6619,33.4231
Shinyanga,2022,524,1147,-3.6619,33.4231
Shinyanga,2023,998,249,-3.6619,33.4231
Shinyanga,2024,605,427,-3.6619,33.4231
Singida,2020,563,402,-4.8167,34.75
Singida,2021,657,922,-4.8167,34.75
Singida,2022,286,528,-4.8167,34.75
Singida,2023,599,739,-4.8167,34.75
Singida,2024,700,716,-4.8167,34.75
Morogoro,2020,429,246,-6.8278,37.6591
Morogoro,2021,527,615,-6.8278,37.6591
Morogoro,2022,146,214,-6.8278,37.6591
Morogoro,2023,187,951,-6.8278,37.6591
Morogoro,2024,320,299,-6.8278,37.6591
Tanga,2020,711,592,-5.0667,39.1
Tanga,2021,122,331,-5.0667,39.1
Tanga,2022,874,842,-5.0667,39.1
Tanga,2023,118,1093,-5.0667,39.1
Tanga,2024,170,502,-5.0667,39.1
Arusha,2020,266,233,-3.3869,36.6822
Arusha,2021,235,597,-3.3869,36.6822
Arusha,2022,553,571,-3.3869,36.6822
Arusha,2023,266,1148,-3.3869,36.6822
Arusha,2024,929,347,-3.3869,36.6822
Mbeya,2020,242,676,-8.909,33.4608
Mbeya,2021,850,268,-8.909,33.4608
Mbeya,2022,186,255,-8.909,33.4608
Mbeya,2023,654,1136,-8.909,33.4608
Mbeya,2024,687,863,-8.909,33.4608
Kigoma,2020,537,1047,-4.8769,29.6266
Kigoma,2021,729,936,-4.8769,29.6266
Kigoma,2022,226,658,-4.8769,29.6266
Kigoma,2023,757,1152,-4.8769,29.6266
Kigoma,2024,400,556,-4.8769,29.6266
