Region,Year,Cholera_Cases,Typhoid_Cases
Arusha,2020,120,150
Arusha,2021,110,140
Arusha,2022,130,160
Arusha,2023,115,145
Arusha,2024,125,155
Dar es Salaam,2020,600,750
Dar es Salaam,2021,580,720
Dar es Salaam,2022,620,780
Dar es Salaam,2023,590,740
Dar es Salaam,2024,610,760
Dodoma,2020,180,220
Dodoma,2021,170,210
Dodoma,2022,190,230
Dodoma,2023,175,215
Dodoma,2024,185,225
Kigoma,2020,150,180
Kigoma,2021,140,170
Kigoma,2022,160,190
Kigoma,2023,145,175
Kigoma,2024,155,185
Mbeya,2020,140,170
Mbeya,2021,130,160
Mbeya,2022,150,180
Mbeya,2023,135,165
Mbeya,2024,145,175
Morogoro,2020,130,160
Morogoro,2021,120,150
Morogoro,2022,140,170
Morogoro,2023,125,155
Morogoro,2024,135,165
Mwanza,2020,300,370
Mwanza,2021,290,360
Mwanza,2022,310,380
Mwanza,2023,285,355
Mwanza,2024,295,365
Shinyanga,2020,200,250
Shinyanga,2021,190,240
Shinyanga,2022,210,260
Shinyanga,2023,195,245
Shinyanga,2024,205,255
Singida,2020,80,100
Singida,2021,70,90
Singida,2022,90,110
Singida,2023,85,105
Singida,2024,75,95
Tanga,2020,150,180
Tanga,2021,140,170
Tanga,2022,160,190
Tanga,2023,145,175
Tanga,2024,155,185
Geita,2020,70,90
Geita,2021,60,80
Geita,2022,80,100
Geita,2023,65,85
Geita,2024,75,95
Iringa,2020,60,75
Iringa,2021,50,70
Iringa,2022,70,85
Iringa,2023,55,65
Iringa,2024,65,80
Kagera,2020,120,150
Kagera,2021,110,140
Kagera,2022,130,160
Kagera,2023,115,145
Kagera,2024,125,155
Katavi,2020,40,50
Katavi,2021,30,40
Katavi,2022,50,60
Katavi,2023,35,45
Katavi,2024,45,55
Kilimanjaro,2020,110,140
Kilimanjaro,2021,100,130
Kilimanjaro,2022,120,150
Kilimanjaro,2023,105,135
Kilimanjaro,2024,115,145
Lindi,2020,30,40
Lindi,2021,20,30
Lindi,2022,40,50
Lindi,2023,25,35
Lindi,2024,35,45
Manyara,2020,90,110
Manyara,2021,80,100
Manyara,2022,100,120
Manyara,2023,85,105
Manyara,2024,95,115
Mara,2020,130,160
Mara,2021,120,150
Mara,2022,140,170
Mara,2023,125,155
Mara,2024,135,165
Mtwara,2020,20,25
Mtwara,2021,15,20
Mtwara,2022,30,35
Mtwara,2023,25,30
Mtwara,2024,35,40
Njombe,2020,50,60
Njombe,2021,40,50
Njombe,2022,60,70
Njombe,2023,45,55
Njombe,2024,55,65
Pemba North,2020,10,15
Pemba North,2021,5,10
Pemba North,2022,15,20
Pemba North,2023,10,15
Pemba North,2024,20,25
Pemba South,2020,10,15
Pemba South,2021,5,10
Pemba South,2022,15,20
Pemba South,2023,10,15
Pemba South,2024,20,25
Pwani,2020,70,85
Pwani,2021,60,75
Pwani,2022,80,95
Pwani,2023,65,80
Pwani,2024,75,90
Rukwa,2020,40,50
Rukwa,2021,30,40
Rukwa,2022,50,60
Rukwa,2023,35,45
Rukwa,2024,45,55
Ruvuma,2020,30,40
Ruvuma,2021,20,30
Ruvuma,2022,40,50
Ruvuma,2023,25,35
Ruvuma,2024,35,45
Simiyu,2020,90,110
Simiyu,2021,80,100
Simiyu,2022,100,120
Simiyu,2023,85,105
Simiyu,2024,95,115
Songwe,2020,15,20
Songwe,2021,10,15
Songwe,2022,20,25
Songwe,2023,15,20
Songwe,2024,25,30
Tabora,2020,110,140
Tabora,2021,100,130
Tabora,2022,120,150
Tabora,2023,105,135
Tabora,2024,115,145
Zanzibar Kaskazini,2020,5,10
Zanzibar Kaskazini,2021,10,15
Zanzibar Kaskazini,2022,15,20
Zanzibar Kaskazini,2023,20,25
Zanzibar Kaskazini,2024,25,30
Zanzibar Kusini,2020,5,10
Zanzibar Kusini,2021,10,15
Zanzibar Kusini,2022,15,20
Zanzibar Kusini,2023,20,25
Zanzibar Kusini,2024,25,30
Zanzibar Magharibi,2020,5,10
Zanzibar Magharibi,2021,10,15
Zanzibar Magharibi,2022,15,20
Zanzibar Magharibi,2023,20,25
Zanzibar Magharibi,2024,25,30